player_name,age,nationality,club,position,overall,potential,value_eur,wage_eur,pace,shooting,passing,dribbling,defending,physicality
Lionel Messi,36,Argentina,Inter Miami,CAM,91,91,1281253,3500,81,66,87,90,70,58
Cristiano Ronaldo,38,Portugal,Al Nassr,ST,88,88,7511136,15394,95,90,71,89,31,56
Kylian Mbappe,24,France,Paris SG,ST,91,95,13038366,33513,69,79,66,87,30,48
Erling Haaland,23,Norway,Manchester City,ST,91,95,1440239,4173,83,72,70,85,30,63
Neymar Jr,31,Brazil,Al Hilal,LW,87,87,716342,2019,78,81,70,99,34,51
Kevin De Bruyne,32,Belgium,Manchester City,CM,91,91,74787164,190727,84,58,83,62,61,61
Vinicius Jr,23,Brazil,Real Madrid,LW,89,94,36951917,63317,88,85,74,82,30,54
Robert Lewandowski,34,Poland,Barcelona,ST,90,90,117263,1000,85,69,77,81,30,64
Mohamed Salah,31,Egypt,Liverpool,RW,89,89,8414558,9484,91,91,68,82,37,67
Karim Benzema,35,France,Al Ittihad,ST,89,89,2667327,6472,74,74,81,95,34,68
Luka Modric,37,Croatia,Real Madrid,CM,87,87,527072,1000,80,80,81,90,51,66
Toni Kroos,33,Germany,Real Madrid,CM,88,88,10938544,27467,78,65,82,62,70,62
Virgil van Dijk,31,Netherlands,Liverpool,CB,89,89,46715857,97107,58,35,72,57,77,64
Alisson Becker,30,Brazil,Liverpool,GK,89,89,146094,1000,39,30,51,30,30,62
Thibaut Courtois,31,Belgium,Real Madrid,GK,90,90,15489588,37268,33,30,52,30,30,63
Casemiro,31,Brazil,Manchester Utd,CDM,89,89,1106763,1723,80,67,66,77,72,79
Joshua Kimmich,28,Germany,Bayern Munich,CDM,89,91,5682035,13957,76,70,81,68,81,66
Pedri,21,Spain,Barcelona,CM,87,94,852185,1859,89,56,86,95,64,55
Gavi,19,Spain,Barcelona,CM,82,93,53258398,67906,65,68,73,81,64,72
Jude Bellingham,20,England,Real Madrid,CM,88,95,15618020,23172,71,65,88,68,73,70
Phil Foden,23,England,Manchester City,CAM,88,93,45162274,115604,80,74,72,67,76,62
Bukayo Saka,21,England,Arsenal,RW,86,93,21357168,30936,77,85,77,79,49,63
Jamal Musiala,20,Germany,Bayern Munich,CAM,86,94,21688457,46339,70,74,91,71,79,63
Rodri,27,Spain,Manchester City,CDM,89,90,46616215,105458,76,61,74,71,71,62
Marc-Andre ter Stegen,31,Germany,Barcelona,GK,89,89,6901737,7237,45,31,52,51,30,53
Ruben Dias,26,Portugal,Manchester City,CB,88,90,68613816,185670,56,43,63,60,85,59
Joao Cancelo,29,Portugal,Barcelona,RB,87,88,56320595,134722,58,30,61,61,83,50
Achraf Hakimi,24,Morocco,Paris SG,RB,86,90,24162447,58109,57,41,65,45,84,64
Antonio Rudiger,30,Germany,Real Madrid,CB,85,85,32018998,73641,53,32,69,59,86,90
Marquinhos,29,Brazil,Paris SG,CB,87,87,17674593,18945,72,45,62,61,75,58
Declan Rice,24,England,Arsenal,CDM,85,90,2717780,5556,96,53,87,65,68,68
Martin Odegaard,24,Norway,Arsenal,CAM,87,90,15924284,36225,72,73,76,79,72,54
Granit Xhaka,30,Switzerland,Bayer Leverkusen,CM,84,84,507510,1484,61,69,76,84,65,59
Bruno Fernandes,29,Portugal,Manchester Utd,CAM,87,87,16310773,39621,82,74,72,75,68,54
Marcus Rashford,25,England,Manchester Utd,LW,84,88,8696749,21878,72,91,91,93,30,56
Harry Kane,29,England,Bayern Munich,ST,90,90,4027652,7522,86,90,67,84,30,51
Heung-min Son,31,South Korea,Tottenham,LW,87,87,14317937,38844,96,72,71,86,46,48
Diogo Jota,26,Portugal,Liverpool,ST,84,87,55682225,119769,75,87,76,80,35,56
Darwin Nunez,24,Uruguay,Liverpool,ST,82,88,62688360,176198,95,74,92,69,33,64
Cody Gakpo,24,Netherlands,Liverpool,LW,82,88,2426237,5807,85,79,73,81,30,66
Gabriel Martinelli,22,Brazil,Arsenal,LW,83,90,27121595,70886,90,86,81,90,30,55
Eduardo Camavinga,21,France,Real Madrid,CM,82,92,37716896,70077,77,68,92,73,76,58
Aurelien Tchouameni,23,France,Real Madrid,CDM,84,91,9743771,9954,84,74,92,78,77,57
Eder Militao,25,Brazil,Real Madrid,CB,85,89,6940455,11502,67,38,65,59,75,76
Federico Valverde,24,Uruguay,Real Madrid,CM,86,91,1199582,2517,87,74,86,83,71,52
Bernardo Silva,29,Portugal,Manchester City,CM,87,87,19711245,23697,85,66,75,75,75,55
Jack Grealish,28,England,Manchester City,LW,83,85,32723001,94716,84,79,71,86,30,48
Riyad Mahrez,32,Algeria,Al Ahli,RW,85,85,2357604,4680,77,82,77,96,41,58
Ilkay Gundogan,32,Germany,Barcelona,CM,85,85,65494404,114598,77,65,84,71,76,72
Manuel Neuer,37,Germany,Bayern Munich,GK,87,87,71310833,145915,50,30,56,30,30,53
Leroy Sane,27,Germany,Bayern Munich,LW,86,87,941173,1470,94,91,92,78,41,61
Serge Gnabry,28,Germany,Bayern Munich,RW,84,85,17318699,20011,99,77,68,80,30,55
Thomas Muller,33,Germany,Bayern Munich,CAM,85,85,48366021,127931,80,83,89,73,64,63
Leon Goretzka,28,Germany,Bayern Munich,CM,85,87,70074171,188095,67,82,91,74,58,70
Sadio Mane,31,Senegal,Al Nassr,LW,85,85,29305661,84679,82,93,62,80,35,60
Richarlison,26,Brazil,Tottenham,ST,81,85,4947741,11594,79,88,66,83,35,64
Son Heung-min,31,South Korea,Tottenham,LW,87,87,15031754,40651,70,94,77,79,47,60
Dejan Kulusevski,23,Sweden,Tottenham,RW,82,88,23493778,33500,99,98,73,92,40,70
Ivan Perisic,34,Croatia,Hajduk Split,LM,82,82,13921188,35739,86,53,72,61,69,65
Raphael Varane,30,France,Manchester Utd,CB,85,85,13569825,22492,78,30,51,54,85,59
Luke Shaw,28,England,Manchester Utd,LB,83,85,44350788,86391,54,45,67,47,77,51
Aaron Wan-Bissaka,26,England,Manchester Utd,RB,80,83,4349970,7519,57,44,60,48,81,51
Rasmus Hojlund,21,Denmark,Manchester Utd,ST,80,89,30888191,77112,98,84,69,86,34,58
Mason Mount,24,England,Manchester Utd,CAM,82,87,11979546,29888,73,63,79,59,59,70
Kobbie Mainoo,19,England,Manchester Utd,CM,77,89,13780405,20463,82,70,99,86,70,52
William Saliba,22,France,Arsenal,CB,85,91,31134180,62171,58,30,59,46,95,67
Gabriel Magalhaes,25,Brazil,Arsenal,CB,84,88,6596711,11387,65,33,77,59,73,58
Ben White,26,England,Arsenal,RB,83,87,4032662,6332,72,55,53,59,76,56
Oleksandr Zinchenko,27,Ukraine,Arsenal,LB,82,84,67318327,183847,65,33,67,54,80,52
Thomas Partey,30,Ghana,Arsenal,CDM,84,84,16755085,26137,73,74,86,70,72,66
Leandro Trossard,29,Belgium,Arsenal,LW,82,83,2353559,5227,77,88,68,70,30,60
Eddie Nketiah,24,England,Arsenal,ST,78,84,7531746,9556,88,70,74,75,30,60
Kai Havertz,24,Germany,Arsenal,CAM,82,86,12306881,22443,86,63,88,68,76,71
Dominik Szoboszlai,23,Hungary,Liverpool,CM,83,89,16686459,44780,82,66,84,73,72,58
Alexis Mac Allister,25,Argentina,Liverpool,CM,84,87,21626810,44251,80,64,78,74,75,56
Wataru Endo,30,Japan,Liverpool,CDM,80,81,11692443,18740,84,65,91,74,55,51
Trent Alexander-Arnold,25,England,Liverpool,RB,87,89,48504968,109062,65,53,67,53,88,42
Andrew Robertson,29,Scotland,Liverpool,LB,87,87,45921738,118349,53,49,67,51,87,78
Joel Matip,32,Cameroon,free agent,CB,83,83,28071844,77296,61,33,71,48,82,56
Ibrahima Konate,24,France,Liverpool,CB,84,89,5146591,12580,73,35,62,47,78,63
Fermin Lopez,21,Spain,Barcelona,CM,78,88,3677952,10360,84,78,85,93,65,50
Lamine Yamal,16,Spain,Barcelona,RW,78,96,12938721,28761,68,95,80,84,37,50
Joao Felix,24,Portugal,Barcelona,CAM,83,87,16769947,37119,78,73,85,79,65,63
Ansu Fati,21,Spain,Barcelona,LW,80,88,16841671,30281,95,79,67,83,35,68
Alejandro Balde,20,Spain,Barcelona,LB,81,91,8103375,13726,63,36,56,41,88,60
Ronald Araujo,24,Uruguay,Barcelona,CB,85,89,13797760,25358,62,53,62,42,80,57
Jules Kounde,25,France,Barcelona,CB,84,88,1763277,5278,63,45,79,64,79,51
Xavi Simons,21,Netherlands,RB Leipzig,CM,82,92,4429713,6119,98,68,82,77,73,58
Warren Zaire-Emery,18,France,Paris SG,CM,78,92,13639128,25662,77,63,76,78,69,72
Bradley Barcola,21,France,Paris SG,LW,78,88,18955344,34450,92,67,72,82,30,53
Ousmane Dembele,26,France,Paris SG,RW,85,87,21153981,31231,90,94,80,75,30,63
Randal Kolo Muani,25,France,Paris SG,ST,83,87,21538534,30368,81,81,80,88,32,69
Manuel Ugarte,22,Uruguay,Paris SG,CDM,80,88,32013099,53898,82,65,84,67,79,58
Theo Hernandez,26,France,AC Milan,LB,86,87,16250304,30424,59,30,52,59,71,74
Mike Maignan,28,France,AC Milan,GK,86,87,45520093,118339,46,30,50,33,30,68
Rafael Leao,24,Portugal,AC Milan,LW,86,90,3036800,8107,80,83,77,71,30,65
Tijjani Reijnders,25,Netherlands,AC Milan,CM,82,88,6179545,13028,78,70,77,71,73,52
Christian Pulisic,25,USA,AC Milan,RW,82,84,3720330,10524,91,87,77,92,48,68
Lautaro Martinez,26,Argentina,Inter Milan,ST,87,89,1769237,3903,68,73,70,85,39,54
Nicolo Barella,26,Italy,Inter Milan,CM,86,88,16909492,33009,73,56,74,67,64,68
Hakan Calhanoglu,29,Turkey,Inter Milan,CDM,85,85,13718119,30093,81,69,75,83,67,60
Federico Dimarco,26,Italy,Inter Milan,LB,83,86,5524797,14575,74,34,64,69,76,74
Alessandro Bastoni,24,Italy,Inter Milan,CB,85,89,49853996,63495,70,47,69,42,76,58
Player 0000,28,France,AC Milan,RW,73,80,7054349,32257,78,75,59,54,30,66
Player 0001,20,England,free agent,LB,76,85,5344187,10586,71,50,60,68,82,60
Player 0002,24,Brazil,Paris SG,LM,74,76,5187304,12459,69,73,63,52,30,73
Player 0003,27,Portugal,Al Nassr,LM,80,89,2916661,139196,77,70,59,63,30,69
Player 0004,25,Algeria,Manchester Utd,CAM,67,73,1075267,3512,61,64,51,61,30,66
Player 0005,22,France,Real Madrid,CM,86,95,4492630,121077,73,79,59,68,34,62
Player 0006,23,Brazil,Tottenham,CF,78,87,1142860,6190,66,81,71,63,30,68
Player 0007,28,Japan,Arsenal,RM,69,76,9144720,59010,54,64,58,53,30,63
Player 0008,26,Belgium,Liverpool,RB,75,76,1326937,38557,65,44,65,59,47,58
Player 0009,27,Brazil,Liverpool,RB,83,90,4072338,9319,73,47,67,71,78,70
Player 0010,29,Sweden,Liverpool,CAM,78,87,962430,64020,71,76,55,73,37,67
Player 0011,23,Italy,AC Milan,CB,67,67,1863072,500,70,46,69,66,65,61
Player 0012,28,Egypt,Paris SG,CAM,80,83,856351,44218,70,86,55,83,33,78
Player 0013,25,Belgium,Arsenal,CDM,68,68,5885795,34493,58,68,50,66,30,72
Player 0014,31,Norway,Paris SG,ST,82,84,13870388,16327,62,85,67,66,30,59
Player 0015,25,Scotland,Barcelona,LM,74,75,15009299,6156,74,75,64,71,30,75
Player 0016,28,Italy,Barcelona,LB,75,83,2482304,6713,66,44,47,72,69,72
Player 0017,25,Italy,Liverpool,LW,71,72,1440192,35621,74,75,59,63,30,61
Player 0018,25,Cameroon,Liverpool,ST,92,95,53137,11856,64,72,57,67,30,59
Player 0019,21,Belgium,AC Milan,LW,75,84,185539,33294,73,79,71,80,30,63
Player 0020,28,Brazil,Liverpool,CF,75,78,9935516,23795,70,82,63,85,30,66
Player 0021,23,Spain,Bayern Munich,CM,65,71,674266,632,61,81,56,92,30,58
Player 0022,20,USA,Barcelona,LB,70,70,8346552,38967,68,57,50,56,76,73
Player 0023,24,Belgium,Manchester Utd,LW,87,90,8059395,31927,61,59,69,66,30,59
Player 0024,19,England,Liverpool,LM,87,96,3678059,15983,71,66,58,61,37,79
Player 0025,27,Japan,Paris SG,CF,68,68,1194343,32077,80,66,47,65,30,67
Player 0026,30,USA,Inter Miami,RB,71,74,1215595,13353,83,32,64,50,80,72
Player 0027,25,Morocco,Liverpool,LM,82,87,283532,22725,70,63,58,71,30,65
Player 0028,27,Italy,Tottenham,LB,75,83,3197806,20132,65,48,52,73,77,59
Player 0029,25,Germany,Al Nassr,LW,82,87,18550461,14066,73,73,56,70,30,66
Player 0030,29,Norway,Arsenal,GK,78,86,34144375,1482,44,30,62,38,37,68
Player 0031,29,Argentina,Arsenal,CDM,72,75,9810792,63085,78,68,48,60,30,74
Player 0032,32,Denmark,Paris SG,RW,84,88,4484329,23669,69,71,50,70,35,70
Player 0033,26,Turkey,Paris SG,LW,92,97,140578,12522,60,58,68,87,36,69
Player 0034,29,Scotland,Manchester City,LB,78,82,339292,92806,62,57,59,56,71,61
Player 0035,35,Scotland,Bayern Munich,RB,77,79,5727701,15320,63,45,62,71,70,57
Player 0036,28,Morocco,Arsenal,CAM,69,76,369604,50743,75,53,61,86,35,68
Player 0037,27,France,Manchester City,RM,65,73,1667290,8109,66,79,57,77,30,67
Player 0038,34,Argentina,AC Milan,CM,67,68,2523731,22994,67,64,54,62,30,71
Player 0039,26,Argentina,Real Madrid,LW,69,77,4821547,15541,85,67,64,81,30,63
Player 0040,21,Egypt,Liverpool,CB,69,74,2971108,2100,67,50,68,68,78,81
Player 0041,21,Netherlands,Real Madrid,LW,64,69,4081821,24478,69,85,60,62,30,70
Player 0042,26,Scotland,Real Madrid,LB,66,74,1657973,32800,67,33,60,74,75,74
Player 0043,26,Scotland,Liverpool,ST,68,74,6093556,37006,65,61,45,72,30,47
Player 0044,35,Belgium,Barcelona,CDM,77,79,3786757,14880,51,72,77,73,30,81
Player 0045,27,England,Arsenal,CAM,68,74,1557548,694,68,67,60,72,30,70
Player 0046,25,Hungary,Inter Milan,CDM,58,58,1735222,4747,67,70,60,72,30,68
Player 0047,18,Turkey,Arsenal,RM,74,75,1059483,28995,64,75,54,67,30,61
Player 0048,23,Scotland,Manchester Utd,LB,71,73,268615,21365,59,52,63,86,66,63
Player 0049,29,Sweden,Paris SG,LB,72,74,2782907,5839,75,44,55,64,85,61
Player 0050,29,Algeria,Manchester Utd,LB,87,94,2000096,53927,62,49,48,61,74,82
Player 0051,24,Senegal,Inter Milan,LW,68,71,1885703,15049,83,70,54,76,30,79
Player 0052,24,Ghana,Paris SG,LM,79,88,4711688,32307,74,78,54,69,30,65
Player 0053,32,Switzerland,Arsenal,RB,74,78,385687,37797,65,55,52,57,80,74
Player 0054,24,Ukraine,AC Milan,CM,70,74,293125,16564,72,65,61,69,30,57
Player 0055,25,England,Real Madrid,CM,81,90,3064150,3629,78,71,78,71,30,57
Player 0056,22,Croatia,Paris SG,CB,72,81,11162156,33808,69,44,65,65,77,51
Player 0057,28,Brazil,Bayern Munich,RB,64,71,4019140,5859,74,45,59,67,81,69
Player 0058,20,Switzerland,Arsenal,LM,74,81,3401406,26773,56,72,74,72,30,72
Player 0059,27,Scotland,Arsenal,GK,69,78,1149717,38889,55,30,62,30,30,76
Player 0060,21,England,Barcelona,CAM,69,77,7647591,54970,78,78,69,74,30,74
Player 0061,26,Cameroon,Manchester City,CAM,65,68,936342,4448,68,68,48,54,30,73
Player 0062,27,Egypt,Manchester City,LB,69,78,4580208,49040,78,40,53,67,73,61
Player 0063,29,England,AC Milan,RW,79,82,1848524,17075,71,71,72,73,30,79
Player 0064,28,Spain,Inter Milan,LM,83,88,4141864,26585,68,63,61,53,30,63
Player 0065,19,Denmark,Manchester Utd,CM,70,72,847903,48682,62,49,59,82,38,61
Player 0066,27,South Korea,Paris SG,CAM,69,77,12735097,2143,71,70,52,61,30,67
Player 0067,22,Switzerland,Arsenal,CB,81,90,322096,20057,52,52,65,65,75,69
Player 0068,23,Ghana,Barcelona,CM,61,69,561964,38746,67,63,62,66,30,63
Player 0069,33,Brazil,Paris SG,RM,77,84,5811541,2102,75,86,59,61,30,64
Player 0070,34,Croatia,Liverpool,RM,70,72,264750,21554,70,82,54,61,30,57
Player 0071,32,Ghana,free agent,RB,74,81,9214240,61340,69,32,67,67,73,90
Player 0072,22,Argentina,Arsenal,CF,76,84,14920879,6835,57,73,62,78,34,69
Player 0073,25,Morocco,Arsenal,LW,80,87,7417881,11427,69,68,52,71,41,56
Player 0074,31,Ghana,Paris SG,RM,74,74,4383227,5444,70,79,69,88,30,67
Player 0075,24,Turkey,Barcelona,CAM,75,83,6288431,132849,74,77,51,61,30,65
Player 0076,26,Germany,Barcelona,GK,61,68,1955343,70730,38,30,50,51,37,69
Player 0077,27,Morocco,Manchester Utd,ST,77,79,509260,11346,75,63,58,63,30,68
Player 0078,25,England,Inter Milan,CM,69,77,8318677,43581,77,80,63,66,30,80
Player 0079,22,France,Manchester Utd,CAM,72,77,2027359,112908,70,64,58,71,30,71
Player 0080,27,Morocco,Real Madrid,LM,75,83,14522316,38912,79,67,65,64,30,59
Player 0081,26,Japan,Liverpool,ST,66,74,3541454,10582,80,65,63,75,32,66
Player 0082,23,Ghana,Manchester City,CF,79,81,305573,53402,64,73,67,72,30,73
Player 0083,28,Belgium,Barcelona,LM,52,57,6822648,17576,84,82,73,73,30,52
Player 0084,22,Portugal,RB Leipzig,CDM,72,74,3887660,40829,90,72,59,66,30,47
Player 0085,17,Morocco,Tottenham,RW,72,79,3785150,23101,74,74,57,53,30,62
Player 0086,25,South Korea,Tottenham,CB,69,77,1359140,51146,80,45,56,68,72,65
Player 0087,25,Argentina,Liverpool,RB,80,80,10067125,33345,78,35,68,60,81,69
Player 0088,21,Senegal,Inter Milan,CAM,80,80,607053,16287,70,72,58,62,30,68
Player 0089,31,Poland,Liverpool,LW,65,74,7911203,38617,72,66,46,62,46,61
Player 0090,28,Norway,Manchester City,RB,58,64,4023346,16859,62,52,68,62,86,62
Player 0091,27,Spain,Al Ahli,LB,76,84,55373,13863,71,42,71,92,78,56
Player 0092,27,Senegal,Paris SG,LM,72,81,50000,14626,75,82,69,68,37,81
Player 0093,27,Sweden,Manchester City,GK,74,77,136878,14730,42,32,64,32,30,62
Player 0094,27,Switzerland,Hajduk Split,RM,83,83,15856289,14803,59,62,50,69,38,82
Player 0095,28,Brazil,Arsenal,RW,79,81,5736697,5850,88,72,65,63,30,66
Player 0096,24,Italy,Inter Milan,RW,76,79,9490567,29297,87,81,56,57,30,60
Player 0097,26,Spain,Bayern Munich,LW,61,65,2735147,61199,74,68,62,65,30,62
Player 0098,25,England,Inter Milan,CDM,77,80,3347571,24814,88,62,58,73,30,67
Player 0099,19,Argentina,Al Ahli,LB,56,59,18291183,1839,63,38,51,61,80,58
Player 0100,27,Portugal,Arsenal,LM,91,95,1749250,7098,67,78,64,73,30,60
Player 0101,30,Argentina,Arsenal,CAM,79,79,512412,15279,64,79,63,53,33,80
Player 0102,27,Scotland,Inter Milan,GK,68,69,206124,2270,32,30,53,30,31,63
Player 0103,17,Ukraine,Bayern Munich,ST,71,71,143040,7247,83,68,64,61,30,73
Player 0104,31,England,Bayern Munich,LW,75,78,5521755,51869,73,82,50,68,30,72
Player 0105,25,Brazil,Liverpool,RB,59,60,1099594,15447,77,52,67,69,67,84
Player 0106,25,Argentina,Liverpool,ST,77,85,8377944,11277,74,73,66,66,30,64
Player 0107,23,Germany,Manchester Utd,RM,76,85,4477779,36507,79,81,60,69,30,62
Player 0108,30,France,Al Ahli,ST,78,87,2231388,60257,64,71,70,73,30,54
Player 0109,23,Spain,Bayern Munich,CB,86,94,10732650,7290,79,57,54,64,85,71
Player 0110,20,Germany,Inter Milan,LM,82,86,430279,1318,80,76,61,79,30,59
Player 0111,25,Italy,Inter Milan,CDM,76,77,13290673,957,65,81,57,71,30,67
Player 0112,24,Norway,Manchester Utd,CAM,73,73,6365855,22100,70,73,67,62,30,67
Player 0113,20,Poland,Arsenal,CAM,81,87,10903046,45863,70,83,47,61,30,51
Player 0114,32,Uruguay,Liverpool,CAM,72,81,1157635,22697,82,82,71,70,30,58
Player 0115,27,Argentina,Real Madrid,GK,80,88,18815561,22476,53,30,58,38,30,78
Player 0116,24,Algeria,Barcelona,ST,75,84,4397411,17808,59,73,76,68,30,62
Player 0117,31,Italy,AC Milan,RM,72,81,3485519,59844,79,71,53,71,30,66
Player 0118,21,Argentina,Al Ahli,CAM,86,94,2640763,91741,59,72,66,67,30,60
Player 0119,29,Scotland,Arsenal,ST,78,79,15658937,14966,75,76,51,62,36,63
Player 0120,30,England,Inter Milan,GK,76,80,2115417,24088,41,30,71,35,30,58
Player 0121,25,Poland,Bayern Munich,CAM,81,90,2416785,75596,66,82,71,63,30,73
Player 0122,29,Sweden,Barcelona,CM,68,71,4275799,8248,72,64,56,73,30,69
Player 0123,19,Uruguay,Barcelona,LM,89,91,812873,16868,83,67,48,69,30,56
Player 0124,26,Egypt,Real Madrid,CF,70,78,8713258,18485,66,81,60,78,30,64
Player 0125,25,Turkey,Inter Milan,CB,76,80,5741133,6715,79,43,68,60,66,79
Player 0126,31,Sweden,Bayern Munich,CB,78,82,919579,13905,83,31,55,69,89,68
Player 0127,23,Spain,AC Milan,ST,77,85,196342,9249,59,78,67,74,30,57
Player 0128,26,Portugal,Real Madrid,RB,55,63,4053520,18581,73,48,65,71,81,60
Player 0129,21,Hungary,Barcelona,CAM,69,74,4902571,38954,77,72,40,67,30,60
Player 0130,31,Argentina,Liverpool,CF,68,70,4865528,105454,59,69,67,72,30,65
Player 0131,23,Switzerland,Manchester Utd,RB,74,79,5455109,91390,75,42,64,76,63,73
Player 0132,31,England,Tottenham,LB,74,81,11918131,57049,72,45,54,64,65,61
Player 0133,25,Norway,Liverpool,CB,79,83,4322453,8515,66,43,69,58,76,64
Player 0134,29,Argentina,Bayern Munich,LB,79,85,4270885,139260,75,43,63,67,75,57
Player 0135,27,Morocco,Arsenal,GK,74,75,995560,22000,46,30,73,35,31,81
Player 0136,27,Sweden,Real Madrid,LB,67,73,10236237,2123,86,39,52,67,91,71
Player 0137,31,Germany,AC Milan,CB,66,75,3655730,11258,77,32,58,70,88,70
Player 0138,32,Egypt,Real Madrid,RM,67,67,1150137,17948,71,75,56,71,30,63
Player 0139,26,Poland,Barcelona,RM,76,79,50000,26708,84,82,66,60,30,69
Player 0140,22,Spain,Manchester Utd,RB,68,69,2211951,7275,84,58,48,58,72,72
Player 0141,25,Cameroon,Inter Milan,RW,59,66,4713816,40172,65,72,65,66,33,83
Player 0142,20,Poland,Barcelona,CM,67,72,6102051,18173,61,77,55,81,40,58
Player 0143,29,Switzerland,Manchester City,CB,69,78,3621143,15708,68,44,54,60,80,63
Player 0144,21,Norway,Manchester City,GK,74,74,5978692,38249,43,30,59,41,30,67
Player 0145,26,Spain,Al Nassr,CB,71,78,12753603,11868,72,30,58,61,76,88
Player 0146,24,Italy,Liverpool,LB,76,85,8750394,41392,88,35,63,60,79,57
Player 0147,24,Ghana,Arsenal,LB,70,70,3125500,46738,74,30,52,53,79,67
Player 0148,22,Brazil,Arsenal,CAM,76,78,1064550,11175,67,66,53,58,30,77
Player 0149,26,Argentina,Arsenal,ST,73,73,5119199,36334,72,61,68,66,30,82
Player 0150,22,Uruguay,Bayern Munich,RB,76,82,1032658,14920,70,46,38,70,74,58
Player 0151,29,Scotland,Barcelona,LM,90,97,6957641,35847,70,85,57,70,30,59
Player 0152,38,Belgium,Paris SG,LW,82,84,64914,15815,64,66,59,63,30,59
Player 0153,30,Senegal,Arsenal,RM,75,75,3177562,135895,71,67,61,65,37,71
Player 0154,20,Spain,Paris SG,CF,62,71,1738877,53401,68,80,53,69,30,79
Player 0155,37,Italy,Inter Milan,GK,83,89,5430037,29064,39,30,61,34,30,66
Player 0156,31,France,Barcelona,CAM,78,87,6514939,10997,85,66,70,53,30,55
Player 0157,29,Portugal,Bayern Munich,GK,81,81,2299257,51750,53,30,67,30,30,64
Player 0158,30,Switzerland,Barcelona,GK,62,66,3299192,9221,53,30,65,41,30,76
Player 0159,25,Ghana,AC Milan,CDM,70,75,1148478,24448,72,69,65,65,30,70
Player 0160,27,Sweden,Real Madrid,CDM,76,76,10434402,81348,76,80,59,66,30,70
Player 0161,25,Spain,Paris SG,RW,75,79,1654843,31869,76,82,63,76,41,73
Player 0162,30,Denmark,Barcelona,CAM,75,83,2576130,36868,61,67,65,69,30,69
Player 0163,26,USA,Bayern Munich,CM,62,64,3823649,48952,77,84,59,62,34,74
Player 0164,25,Algeria,Barcelona,LM,78,82,5386765,35834,61,78,63,59,30,67
Player 0165,33,England,Bayern Munich,RM,70,70,79596,45301,84,78,63,71,30,69
Player 0166,24,Portugal,Bayern Munich,CM,53,54,255071,40477,73,65,56,69,30,64
Player 0167,28,Sweden,Bayern Munich,RM,62,68,5871054,64776,69,69,65,59,38,76
Player 0168,22,USA,Barcelona,LB,71,75,4621555,66739,75,30,56,78,74,54
Player 0169,22,France,Liverpool,RW,73,76,521844,500,68,68,49,72,30,54
Player 0170,32,Cameroon,Liverpool,CDM,80,84,1702896,11205,70,80,59,69,30,72
Player 0171,23,USA,Liverpool,LW,64,72,4108215,6666,84,74,39,83,30,80
Player 0172,31,Senegal,Manchester Utd,RW,82,90,1919011,18153,68,74,62,57,30,86
Player 0173,28,Japan,Liverpool,RB,64,70,4079907,4567,61,47,52,62,78,61
Player 0174,25,France,Manchester Utd,LB,77,84,698972,14078,67,54,60,61,78,68
Player 0175,22,Morocco,Inter Milan,CM,78,86,4078937,41790,82,85,58,63,30,57
Player 0176,26,France,Paris SG,GK,62,69,149104,10336,39,30,59,42,37,63
Player 0177,21,Ukraine,Inter Milan,ST,73,74,11748787,14138,70,86,69,74,30,61
Player 0178,21,Italy,Bayern Munich,GK,79,82,239551,1066,30,33,57,37,30,61
Player 0179,27,France,Barcelona,RB,69,77,773411,14329,68,55,55,70,69,71
Player 0180,33,Turkey,Barcelona,RB,79,85,318117,580,72,55,54,73,73,64
Player 0181,27,Norway,Bayern Munich,LB,74,76,4612099,6407,78,33,61,88,80,63
Player 0182,17,England,Manchester Utd,ST,69,78,18735994,11213,67,70,46,64,32,61
Player 0183,25,USA,Arsenal,RB,79,87,757817,103332,72,30,58,54,84,71
Player 0184,32,Algeria,Arsenal,RB,77,79,6408627,1716,64,58,67,66,84,56
Player 0185,23,Ghana,Paris SG,GK,67,69,7838070,51862,44,30,62,30,31,75
Player 0186,31,Netherlands,Arsenal,ST,59,64,3022467,3356,72,80,54,81,30,65
Player 0187,24,France,Tottenham,GK,72,76,409535,26389,47,30,65,42,32,67
Player 0188,24,Norway,AC Milan,RM,77,84,1361814,104921,56,65,56,83,30,54
Player 0189,19,Ghana,free agent,GK,77,82,7784579,19465,34,30,55,43,30,42
Player 0190,28,Belgium,Bayern Munich,RM,70,77,5908805,45629,65,66,58,61,30,66
Player 0191,22,Egypt,Bayern Munich,LW,65,66,10065458,55903,66,65,72,68,30,63
Player 0192,28,South Korea,Manchester Utd,GK,64,66,2170608,68856,44,30,61,48,30,67
Player 0193,22,Scotland,Paris SG,CF,68,75,9511344,5098,72,59,55,70,30,56
Player 0194,23,Ukraine,Liverpool,RW,55,63,1223207,1320,68,82,67,66,30,62
Player 0195,26,Spain,Arsenal,GK,51,58,1106538,25532,43,30,72,30,35,55
Player 0196,24,Poland,Manchester Utd,RW,84,93,1048120,18466,57,67,58,75,31,64
Player 0197,27,Cameroon,Liverpool,CB,70,77,5304341,35174,80,40,55,66,80,60
Player 0198,27,USA,Real Madrid,LW,73,73,11234058,7212,70,71,63,73,30,58
Player 0199,31,Portugal,Paris SG,LB,66,69,1249782,37078,75,42,66,50,74,60
Player 0200,27,England,Barcelona,RB,77,77,415198,2826,60,51,52,58,81,67
Player 0201,29,Argentina,Liverpool,CAM,80,83,3993517,49109,67,75,56,62,30,50
Player 0202,26,Argentina,Barcelona,RM,70,73,6686221,8491,61,63,66,70,30,67
Player 0203,26,Netherlands,Liverpool,CAM,66,70,1735523,33375,68,70,64,76,33,66
Player 0204,18,Cameroon,Al Nassr,CF,71,72,4027612,32841,89,72,59,64,30,61
Player 0205,22,Italy,Barcelona,LM,75,76,9734504,144710,64,66,53,74,32,68
Player 0206,21,Portugal,Barcelona,CDM,83,83,5601912,25695,58,67,54,73,30,71
Player 0207,28,Scotland,Arsenal,CM,84,93,642931,36257,74,62,52,66,30,62
Player 0208,27,Portugal,Manchester Utd,LM,77,83,5060837,38648,90,70,56,78,30,75
Player 0209,17,South Korea,Liverpool,LW,79,83,7483949,59635,73,70,47,74,30,73
Player 0210,28,Ghana,Liverpool,CAM,61,65,2095721,1301,77,74,61,66,30,71
Player 0211,25,England,free agent,LB,57,60,7437643,500,76,30,70,69,87,56
Player 0212,16,South Korea,Liverpool,CF,70,76,3125347,62053,67,80,53,54,34,74
Player 0213,24,Argentina,Arsenal,LM,67,69,3404852,35468,80,78,59,76,30,76
Player 0214,19,Croatia,Real Madrid,RM,70,74,899548,4024,92,66,53,68,34,83
Player 0215,20,Argentina,Manchester Utd,LW,79,84,2367387,27383,64,75,60,71,30,74
Player 0216,28,Scotland,Liverpool,RB,74,78,6332180,36330,81,35,71,63,56,55
Player 0217,22,Japan,Bayern Munich,GK,75,83,2773781,2394,37,30,58,43,37,76
Player 0218,22,Brazil,Arsenal,CB,55,61,470530,6605,67,38,52,68,71,70
Player 0219,22,Egypt,Real Madrid,ST,77,80,5426169,7258,71,68,53,59,40,67
Player 0220,27,Italy,Manchester City,CF,65,67,3643650,22248,69,56,48,68,33,59
Player 0221,28,Brazil,Inter Miami,CM,72,81,1652744,132065,64,59,70,71,30,57
Player 0222,31,Ghana,Liverpool,CB,78,84,7727002,9869,70,36,49,80,76,60
Player 0223,29,Germany,Hajduk Split,GK,72,76,928634,17456,39,30,53,35,30,52
Player 0224,26,Poland,Tottenham,LB,73,75,877584,1843,83,49,47,69,70,66
Player 0225,25,Norway,Real Madrid,GK,64,66,1840612,1575,47,30,40,32,30,66
Player 0226,26,Scotland,Liverpool,LB,68,75,20872106,6763,67,42,38,78,82,51
Player 0227,18,Japan,Barcelona,LM,57,58,5337924,42410,64,75,61,65,32,55
Player 0228,23,Spain,Barcelona,RB,83,91,4231018,674,72,48,49,67,76,60
Player 0229,20,Switzerland,Al Nassr,LM,77,78,6908328,146844,76,69,56,72,30,51
Player 0230,30,Norway,Manchester Utd,LM,69,75,3505211,53623,74,74,61,65,30,56
Player 0231,30,Croatia,Manchester Utd,LM,56,62,3300230,43949,76,85,51,66,30,56
Player 0232,22,Senegal,Barcelona,RM,82,88,1347944,32004,67,63,55,73,30,64
Player 0233,30,Italy,Manchester City,RM,65,69,5078107,28256,63,71,55,55,30,85
Player 0234,25,Spain,Liverpool,CDM,59,64,383741,4129,66,72,52,65,31,54
Player 0235,18,Scotland,AC Milan,CB,73,74,4234396,49569,59,51,53,58,71,61
Player 0236,31,Turkey,Manchester City,RM,69,77,2256693,28668,72,61,54,60,34,61
Player 0237,28,Scotland,Real Madrid,ST,82,85,805434,65191,90,60,70,77,30,73
Player 0238,25,Argentina,Inter Milan,CF,76,80,664532,58793,88,72,66,61,30,73
Player 0239,24,Ghana,Bayern Munich,LB,63,70,1807217,14049,68,37,59,71,86,71
Player 0240,24,Algeria,Barcelona,CAM,66,71,1972095,500,78,72,63,71,30,73
Player 0241,27,England,Real Madrid,CDM,69,71,105133,46530,69,75,57,88,31,65
Player 0242,27,Turkey,Manchester City,CB,76,79,458660,57586,68,43,50,73,68,56
Player 0243,25,Ukraine,Hajduk Split,CDM,73,77,7175588,87424,78,68,63,62,31,74
Player 0244,24,Brazil,Barcelona,RM,78,83,14708811,7365,76,79,50,81,30,70
Player 0245,25,Argentina,Liverpool,CAM,85,87,5558684,35823,78,69,55,70,32,63
Player 0246,31,Switzerland,AC Milan,RW,82,89,7205885,14982,75,72,48,57,30,47
Player 0247,25,England,Barcelona,CDM,82,90,2437965,19273,80,70,41,85,34,62
Player 0248,27,Portugal,Manchester City,LB,67,76,2834628,11607,78,44,56,66,72,54
Player 0249,28,Germany,Barcelona,CF,68,73,5131841,7912,63,80,59,67,31,73
Player 0250,22,Netherlands,RB Leipzig,LW,80,85,186997,14918,67,80,75,63,34,65
Player 0251,32,Senegal,Real Madrid,LB,72,74,5949490,8574,73,45,52,78,80,60
Player 0252,24,Germany,Bayern Munich,RB,82,87,1331155,7980,57,48,45,58,58,64
Player 0253,24,England,Barcelona,CDM,72,72,760107,45858,74,64,61,78,30,61
Player 0254,25,Scotland,Paris SG,GK,76,83,6559494,81906,43,30,52,30,30,52
Player 0255,26,Cameroon,Bayern Munich,LW,64,66,1398629,20995,77,78,52,71,30,65
Player 0256,18,Uruguay,Liverpool,LB,63,69,11546160,92134,68,44,56,58,71,67
Player 0257,26,Belgium,Arsenal,RW,73,82,915562,4735,74,78,50,59,30,75
Player 0258,21,Italy,AC Milan,CM,76,79,979114,8133,79,61,72,74,33,61
Player 0259,20,Portugal,Bayern Munich,GK,72,73,3084761,15987,41,30,61,30,30,70
Player 0260,25,South Korea,Liverpool,RM,68,76,928016,23556,76,68,48,63,30,73
Player 0261,22,Spain,Barcelona,GK,75,82,3490371,64749,57,39,56,31,30,69
Player 0262,23,Morocco,Manchester City,LW,84,87,10513594,1526,70,58,65,61,30,71
Player 0263,25,Hungary,Arsenal,CM,76,77,11138810,24193,67,58,68,60,30,68
Player 0264,30,Germany,Barcelona,RB,60,63,71387,1936,82,30,78,62,91,62
Player 0265,25,Uruguay,Real Madrid,ST,71,77,1999749,3365,53,77,69,71,43,70
Player 0266,30,England,Liverpool,LM,83,87,195571,113540,78,62,61,77,30,59
Player 0267,28,England,Manchester Utd,CAM,86,87,1872842,82807,66,99,62,76,30,60
Player 0268,31,France,Al Ahli,CF,90,93,2330476,34219,78,67,66,73,30,50
Player 0269,28,South Korea,Manchester Utd,RB,79,84,1699287,9239,64,49,60,60,79,69
Player 0270,25,Brazil,Barcelona,RM,68,77,3840910,105016,74,73,64,79,30,56
Player 0271,32,France,Real Madrid,LW,84,92,724431,39059,67,78,55,78,34,65
Player 0272,28,Morocco,RB Leipzig,LB,80,81,2309422,10185,78,49,56,74,76,60
Player 0273,24,Ghana,Arsenal,RB,72,79,4033696,8099,50,39,56,73,75,53
Player 0274,26,Netherlands,Paris SG,CB,66,67,4929306,23790,70,38,68,70,85,54
Player 0275,19,Netherlands,Bayern Munich,GK,83,87,24414042,60875,50,41,61,30,30,71
Player 0276,23,USA,Manchester City,ST,66,71,2109045,3607,73,61,51,62,30,65
Player 0277,26,France,Barcelona,RM,76,77,5307374,500,80,69,57,67,31,70
Player 0278,21,Switzerland,Arsenal,CAM,75,84,620927,11118,78,81,52,63,30,77
Player 0279,20,Denmark,Barcelona,LB,78,82,2900495,4803,69,42,56,79,72,65
Player 0280,23,Norway,Liverpool,ST,73,77,3319252,73334,81,68,51,79,30,66
Player 0281,21,Cameroon,Real Madrid,CM,83,90,7809215,40244,70,67,52,59,34,61
Player 0282,25,Argentina,Manchester Utd,CF,82,83,5113534,9605,69,92,56,63,30,63
Player 0283,22,Spain,Paris SG,LB,67,67,495932,92337,73,53,68,63,73,61
Player 0284,28,Italy,Arsenal,RB,61,61,4979101,11163,81,45,42,63,89,67
Player 0285,25,Croatia,Barcelona,RW,79,82,9259099,172424,64,70,57,71,30,72
Player 0286,16,Argentina,Paris SG,RM,74,78,4155665,5795,86,72,69,64,30,63
Player 0287,25,Cameroon,Inter Milan,GK,70,79,1785769,36686,36,30,60,38,30,65
Player 0288,20,Argentina,Inter Milan,CDM,71,78,3447211,3561,81,87,60,54,30,65
Player 0289,25,Morocco,Inter Milan,LB,79,86,1518158,95731,73,36,52,60,75,59
Player 0290,16,Brazil,Barcelona,CAM,77,83,2894692,37435,60,66,69,63,30,66
Player 0291,33,Morocco,Arsenal,GK,79,88,66445,8937,59,30,62,30,30,71
Player 0292,30,Poland,Arsenal,RM,73,80,3370004,35620,74,72,47,78,30,69
Player 0293,21,South Korea,Manchester Utd,LM,61,69,5669229,25775,80,67,53,62,30,65
Player 0294,28,Denmark,Barcelona,CF,50,51,5955291,26247,65,83,59,60,32,62
Player 0295,24,Norway,Liverpool,CB,80,83,824037,5699,67,42,57,66,72,66
Player 0296,26,USA,Inter Milan,CDM,74,83,2304976,17648,74,72,66,59,31,77
Player 0297,23,Brazil,Real Madrid,LW,76,81,5195535,50588,58,66,61,71,30,64
Player 0298,24,South Korea,Bayern Munich,LB,78,87,1451151,42854,62,45,48,51,83,57
Player 0299,22,Switzerland,Arsenal,RB,63,71,5087430,500,63,48,65,57,70,60
Player 0300,30,Argentina,Manchester Utd,RW,72,78,2503820,38950,77,62,66,69,30,59
Player 0301,28,Algeria,Paris SG,RB,60,62,3056001,65946,87,53,54,68,74,52
Player 0302,23,Brazil,Bayern Munich,CB,66,69,2294075,24221,68,30,55,61,63,72
Player 0303,29,France,Tottenham,RM,76,76,6469916,9259,67,78,59,76,30,57
Player 0304,25,Brazil,Paris SG,RW,71,76,3102072,32982,75,70,51,66,31,75
Player 0305,19,Algeria,Barcelona,LB,81,90,8200847,104691,75,30,65,68,73,66
Player 0306,16,Spain,AC Milan,RM,63,70,23420870,2337,68,60,62,63,30,73
Player 0307,27,Morocco,Arsenal,CB,60,60,843884,3061,73,39,62,69,86,63
Player 0308,25,Hungary,Liverpool,ST,79,84,5038106,50930,78,80,57,66,35,55
Player 0309,23,Ghana,Arsenal,LB,77,84,5032102,51654,68,32,62,55,73,74
Player 0310,17,Denmark,Liverpool,GK,78,87,9347496,6301,49,30,52,32,30,65
Player 0311,27,Uruguay,Real Madrid,RM,59,66,4612023,29476,84,76,51,73,30,62
Player 0312,22,Germany,Barcelona,CF,77,81,4483188,6103,86,81,65,75,30,68
Player 0313,20,Germany,AC Milan,CF,81,81,1122653,46666,66,77,56,69,30,64
Player 0314,23,Belgium,Manchester Utd,RW,68,68,3412598,12959,71,82,46,65,30,67
Player 0315,28,England,Arsenal,LW,63,66,4185964,10768,67,64,58,60,30,67
Player 0316,22,England,Bayern Munich,CM,76,79,405847,8108,61,66,57,58,30,65
Player 0317,22,England,Hajduk Split,CAM,59,60,4016351,7696,64,66,62,70,30,41
Player 0318,26,Italy,Arsenal,CF,66,75,8065172,40117,71,71,63,66,36,71
Player 0319,22,Scotland,Liverpool,LW,80,83,4971110,15585,64,73,66,63,31,55
Player 0320,26,Italy,Real Madrid,CM,85,90,16670484,5364,67,69,66,63,30,63
Player 0321,33,Argentina,Al Nassr,LM,64,70,210374,561,75,64,67,73,30,56
Player 0322,25,Japan,Manchester Utd,RB,68,77,4056740,2199,76,30,59,69,72,75
Player 0323,31,England,Arsenal,LM,77,86,1295771,72310,75,63,60,66,30,51
Player 0324,24,Poland,Real Madrid,LW,65,72,4831512,32749,74,73,52,83,30,65
Player 0325,29,France,Barcelona,RW,80,80,1475771,120951,62,68,53,52,30,59
Player 0326,28,Netherlands,AC Milan,CF,86,86,3385545,6854,60,82,59,69,47,60
Player 0327,24,Norway,Liverpool,RB,87,95,436070,7366,77,40,51,43,76,69
Player 0328,29,Japan,Liverpool,LW,73,80,2635691,6013,69,71,69,67,30,57
Player 0329,20,Senegal,Inter Milan,RW,84,86,1808079,98273,75,71,60,60,30,62
Player 0330,19,Denmark,Manchester Utd,GK,75,81,4449636,1273,38,30,51,43,30,73
Player 0331,22,Netherlands,Manchester City,CB,76,77,7446504,15342,71,49,59,80,78,69
Player 0332,23,Ghana,Real Madrid,CB,78,82,926756,25141,75,44,54,55,75,67
Player 0333,26,Sweden,Inter Milan,CB,60,67,179224,27440,75,43,62,72,79,73
Player 0334,24,Hungary,AC Milan,CDM,76,85,3437900,58970,75,61,61,62,30,76
Player 0335,22,South Korea,Bayer Leverkusen,CM,76,79,635297,23750,65,72,68,65,30,61
Player 0336,27,Algeria,Barcelona,CAM,69,70,1565674,43209,68,81,55,67,30,50
Player 0337,21,Germany,Barcelona,ST,73,77,913730,19304,60,61,79,74,30,73
Player 0338,30,Senegal,Arsenal,LB,69,69,1645507,20313,59,48,59,79,69,62
Player 0339,23,Scotland,Inter Milan,LB,66,66,3049590,24069,65,30,59,71,68,58
Player 0340,24,Norway,Bayern Munich,CB,86,87,108140,16286,66,54,48,70,72,68
Player 0341,29,Italy,Real Madrid,RB,71,80,565511,5899,65,44,59,69,75,71
Player 0342,21,Morocco,Bayern Munich,RB,81,83,5312280,1602,72,56,53,64,68,53
Player 0343,32,Portugal,Barcelona,LM,75,84,476272,15854,73,76,58,79,30,62
Player 0344,27,England,Liverpool,LW,76,82,4385975,87667,81,90,66,75,30,63
Player 0345,22,Switzerland,Arsenal,LB,70,71,1210258,20138,73,44,61,63,99,75
Player 0346,26,Belgium,Bayern Munich,LW,64,65,2668321,20740,69,64,54,66,30,63
Player 0347,25,Croatia,Manchester City,CF,73,80,1197959,55391,65,84,61,73,30,55
Player 0348,25,France,Manchester City,CDM,69,78,1752906,44463,68,75,48,56,30,61
Player 0349,28,England,Bayern Munich,LM,66,72,502351,127920,67,82,66,69,30,66
Player 0350,24,Netherlands,Real Madrid,RW,82,89,5287108,7281,77,64,38,68,30,61
Player 0351,26,Egypt,Barcelona,GK,81,88,4605022,32673,41,30,60,44,32,53
Player 0352,25,Germany,Liverpool,RM,78,79,4100566,31729,66,61,56,71,30,75
Player 0353,29,Spain,Arsenal,RB,80,80,508885,23001,69,40,51,76,84,73
Player 0354,25,Argentina,Barcelona,LB,73,80,767221,25013,69,45,69,54,89,64
Player 0355,20,Switzerland,Manchester City,RM,65,65,1444148,2644,81,80,54,66,30,48
Player 0356,30,Japan,Real Madrid,CB,64,73,1838532,9328,65,43,58,59,77,66
Player 0357,27,Netherlands,Arsenal,CDM,68,71,6977565,60794,85,66,63,63,30,49
Player 0358,23,Italy,Al Nassr,RB,65,73,2426064,18234,57,53,60,57,78,72
Player 0359,25,Ghana,Arsenal,RM,78,86,13544884,1655,80,82,62,72,30,65
Player 0360,23,Italy,Bayern Munich,RB,79,84,6445182,35466,55,44,68,66,80,67
Player 0361,24,France,Liverpool,RW,76,76,2387203,10668,65,77,55,63,30,59
Player 0362,27,Belgium,AC Milan,LW,76,82,1403378,65528,68,65,52,69,30,76
Player 0363,32,Italy,Al Ittihad,CDM,73,76,9163583,21720,74,83,52,69,30,56
Player 0364,35,Germany,Arsenal,RB,81,86,1619563,27784,71,40,54,69,67,71
Player 0365,27,Morocco,Barcelona,RW,79,88,8877440,13230,64,77,71,66,41,70
Player 0366,31,USA,Barcelona,CDM,79,86,6042793,29817,62,58,59,53,30,67
Player 0367,25,Germany,Barcelona,LB,71,77,14124932,4199,69,44,65,62,72,64
Player 0368,26,France,Liverpool,RW,75,81,1021245,62170,74,79,53,73,38,67
Player 0369,35,France,Barcelona,RM,69,75,5310904,39893,70,66,56,72,30,58
Player 0370,30,Argentina,Arsenal,LW,73,79,896915,49037,65,71,61,91,30,55
Player 0371,17,Hungary,Barcelona,ST,76,79,117296,10073,77,69,73,79,38,57
Player 0372,24,France,Paris SG,RM,77,81,6234261,23939,61,70,61,68,30,63
Player 0373,26,Cameroon,Barcelona,CDM,90,91,3047422,12451,64,80,54,57,30,57
Player 0374,35,Norway,Real Madrid,LM,71,73,10588310,26138,91,78,69,63,30,65
Player 0375,21,Netherlands,Barcelona,LM,74,81,6287077,8543,65,77,60,49,30,67
Player 0376,16,England,Tottenham,ST,70,79,6791574,35415,86,76,51,65,30,81
Player 0377,30,Cameroon,Manchester Utd,RM,62,68,4129255,7713,84,78,59,60,32,57
Player 0378,24,South Korea,Al Nassr,CAM,63,64,1013959,16236,65,62,56,62,30,81
Player 0379,22,South Korea,Arsenal,CM,84,90,1993607,40929,80,67,49,73,35,85
Player 0380,28,Denmark,Tottenham,RW,64,66,2839016,15368,80,62,64,63,30,75
Player 0381,22,Germany,Tottenham,GK,66,75,3656088,14461,53,30,54,41,30,59
Player 0382,17,USA,Real Madrid,LW,73,78,54353,5015,63,78,79,61,36,67
Player 0383,24,Senegal,Liverpool,CAM,74,75,1839136,5265,77,72,61,60,30,74
Player 0384,23,Netherlands,Arsenal,CB,61,66,686844,98817,68,41,59,74,76,59
Player 0385,26,Denmark,Tottenham,CB,68,69,14769489,7930,69,51,51,71,61,60
Player 0386,32,Senegal,Inter Miami,GK,71,72,2746394,20983,54,30,63,37,35,66
Player 0387,19,Scotland,Real Madrid,CM,67,67,1325353,97799,66,69,54,68,30,62
Player 0388,20,Cameroon,Barcelona,CB,54,54,1289715,11414,63,44,63,73,95,47
Player 0389,23,Scotland,Liverpool,GK,78,79,15028017,10271,42,30,63,33,30,52
Player 0390,23,Ghana,Barcelona,CAM,76,79,816605,3874,69,61,77,59,33,53
Player 0391,24,Croatia,Paris SG,GK,77,83,14333528,2426,30,30,50,31,30,65
Player 0392,26,Brazil,Arsenal,CDM,67,71,1321679,19518,71,61,69,68,41,63
Player 0393,31,Italy,Tottenham,LW,50,53,360656,48514,58,94,66,71,35,70
Player 0394,30,England,Liverpool,ST,68,71,2639362,16139,66,64,56,58,30,71
Player 0395,25,Morocco,Arsenal,CAM,79,83,3704815,32029,60,65,65,71,30,82
Player 0396,25,Cameroon,Barcelona,LW,69,73,1480565,26966,70,72,58,64,30,71
Player 0397,25,Germany,Paris SG,ST,81,85,14640471,30825,66,68,56,76,30,81
Player 0398,20,Spain,Real Madrid,RB,77,82,6255104,52794,73,33,56,74,66,44
Player 0399,25,Senegal,Arsenal,LW,72,75,5181273,51584,77,62,47,57,30,77
Player 0400,24,Ukraine,Real Madrid,LM,82,88,1379452,500,74,62,66,61,31,61
Player 0401,32,South Korea,Bayern Munich,ST,67,70,50000,49631,78,61,68,66,30,52
Player 0402,26,Argentina,AC Milan,CB,70,71,84620,6889,80,44,66,68,60,40
Player 0403,24,Japan,Manchester Utd,GK,75,75,67458,10011,60,30,44,30,30,60
Player 0404,29,Netherlands,Arsenal,LM,74,81,15716287,7509,70,72,55,55,30,62
Player 0405,24,Sweden,Manchester Utd,GK,74,79,2863161,42318,40,30,51,30,30,72
Player 0406,18,Cameroon,Liverpool,GK,72,80,5452158,7149,47,30,63,30,30,55
Player 0407,24,Croatia,Manchester City,LM,76,83,3920229,2580,61,71,62,69,35,85
Player 0408,30,Brazil,AC Milan,CAM,79,83,4545095,29512,72,79,58,64,30,70
Player 0409,23,Belgium,Manchester City,CF,80,82,1776520,26094,67,84,71,75,30,65
Player 0410,30,Switzerland,Real Madrid,RB,72,81,9228188,14261,68,46,61,67,69,70
Player 0411,26,Japan,AC Milan,GK,61,64,2287356,5799,41,30,66,41,30,65
Player 0412,23,Argentina,Tottenham,CDM,67,74,3982304,62380,71,56,72,65,30,64
Player 0413,26,Italy,Arsenal,CB,71,75,10162670,87605,67,41,65,65,73,64
Player 0414,25,Italy,Paris SG,CF,69,77,2603249,28493,74,78,70,65,30,67
Player 0415,24,Egypt,Real Madrid,ST,75,84,2559769,53730,73,77,48,63,32,60
Player 0416,22,Sweden,Liverpool,CM,60,65,2082137,67798,73,67,72,64,30,73
Player 0417,27,Germany,Real Madrid,ST,76,83,5728963,2436,71,64,59,58,36,54
Player 0418,21,Italy,Barcelona,RM,72,75,175477,73507,67,78,60,72,30,53
Player 0419,24,South Korea,Arsenal,RB,74,74,1229107,22784,87,43,65,61,77,54
Player 0420,24,Ghana,Liverpool,CM,77,79,6932501,76526,72,62,56,76,30,63
Player 0421,22,Sweden,Tottenham,CF,76,80,4639480,500,73,67,64,61,30,71
Player 0422,20,Italy,Liverpool,LW,80,84,2198303,20391,61,74,62,73,30,67
Player 0423,27,Hungary,Paris SG,RB,66,72,2001271,26661,70,38,74,72,69,62
Player 0424,22,Scotland,Barcelona,CF,88,92,712441,556,63,80,51,70,30,38
Player 0425,36,South Korea,Al Nassr,GK,77,79,334454,2813,30,30,44,36,31,68
Player 0426,23,Belgium,Arsenal,RB,66,75,808594,31764,73,35,73,69,67,70
Player 0427,20,Hungary,Tottenham,RW,71,71,8235672,500,69,84,64,71,30,69
Player 0428,27,Argentina,Liverpool,CB,70,79,3814397,61515,60,41,58,54,80,63
Player 0429,20,USA,Al Nassr,ST,62,67,6527501,35937,64,61,73,73,30,65
Player 0430,26,Germany,Arsenal,LW,70,70,13036682,64563,64,76,53,62,30,85
Player 0431,16,Algeria,Liverpool,ST,75,79,3590186,87774,57,65,65,69,34,68
Player 0432,22,Hungary,Paris SG,CB,66,75,2736412,24653,65,55,70,82,91,70
Player 0433,25,Croatia,Liverpool,CB,71,73,2543879,20339,75,48,65,64,71,76
Player 0434,25,Hungary,Barcelona,CAM,61,64,10451610,15774,68,88,53,84,30,53
Player 0435,26,France,AC Milan,RW,84,91,2125422,10387,59,63,55,74,30,67
Player 0436,27,Scotland,Manchester Utd,GK,75,75,2343496,7599,44,30,71,41,36,58
Player 0437,30,France,Liverpool,RM,83,91,6404921,22135,75,78,67,58,30,55
Player 0438,28,Scotland,Liverpool,LB,71,79,8886008,49157,59,51,55,67,71,66
Player 0439,21,Argentina,Bayer Leverkusen,RW,78,86,3305290,31546,70,79,61,71,44,62
Player 0440,26,Netherlands,Barcelona,RM,71,72,100962,17936,66,56,54,63,30,80
Player 0441,21,Croatia,Real Madrid,RB,69,70,6790422,41879,78,52,57,84,72,65
Player 0442,28,Turkey,Paris SG,CB,84,84,157875,38893,69,54,54,72,75,67
Player 0443,28,Germany,Barcelona,RM,74,78,11544972,5678,83,88,59,81,30,60
Player 0444,29,Italy,Barcelona,LM,85,94,10705316,26196,71,63,67,59,39,69
Player 0445,30,Ukraine,Barcelona,CAM,69,74,64862,2894,66,56,64,54,30,68
Player 0446,26,Spain,Arsenal,ST,69,71,3397613,79072,71,66,57,82,30,68
Player 0447,27,Ghana,Paris SG,CDM,73,74,1004898,32833,73,66,64,62,30,50
Player 0448,27,Germany,Bayern Munich,GK,64,65,648702,34953,43,30,66,30,30,62
Player 0449,26,Brazil,Bayern Munich,RM,73,80,3222412,46525,75,80,56,51,30,71
Player 0450,31,Switzerland,Al Ittihad,RM,79,81,2824902,939,71,77,64,66,30,62
Player 0451,27,Hungary,Paris SG,GK,62,65,4736669,500,38,30,65,38,30,57
Player 0452,19,Spain,Barcelona,ST,74,75,2088921,15923,69,85,65,52,30,61
Player 0453,22,Argentina,Liverpool,CB,91,91,372607,18747,75,54,59,78,83,56
Player 0454,29,Switzerland,AC Milan,LW,68,72,883238,500,60,80,49,57,30,72
Player 0455,28,Egypt,Manchester City,CDM,90,93,294157,18332,79,73,56,57,30,51
Player 0456,21,Argentina,Paris SG,RW,74,80,9873448,121676,60,57,46,60,30,71
Player 0457,25,Netherlands,Paris SG,CB,69,76,2750662,63770,80,30,66,59,89,56
Player 0458,28,Italy,Bayern Munich,LB,67,70,3955596,3354,65,46,62,64,74,60
Player 0459,22,Netherlands,Al Ittihad,RB,71,76,4358645,7054,77,53,51,64,76,60
Player 0460,27,Brazil,AC Milan,LM,78,79,1283781,43229,59,76,67,80,30,62
Player 0461,28,Switzerland,free agent,CM,72,80,6917723,28673,69,84,58,52,32,61
Player 0462,20,Ghana,Liverpool,CDM,82,90,4524384,24619,72,75,52,59,33,72
Player 0463,20,Netherlands,Tottenham,GK,65,65,246550,51624,47,30,61,31,30,73
Player 0464,28,Turkey,Arsenal,LW,54,61,1008395,38506,66,65,67,54,38,62
Player 0465,28,Denmark,Paris SG,RW,78,79,7257422,3126,77,68,61,67,30,64
Player 0466,25,Turkey,Barcelona,RW,72,72,1131692,19655,88,78,59,65,30,49
Player 0467,33,Uruguay,Arsenal,ST,60,61,4086947,53741,76,60,45,77,30,63
Player 0468,24,Scotland,Bayern Munich,CB,71,74,4514561,90238,88,33,60,71,72,54
Player 0469,27,England,Paris SG,LM,84,93,240025,48459,61,75,73,67,30,77
Player 0470,32,Poland,Barcelona,LW,66,68,731403,22640,79,60,62,61,30,69
Player 0471,31,Croatia,Al Hilal,CM,78,82,1706366,28691,65,85,58,75,30,64
Player 0472,27,Japan,Hajduk Split,CF,88,93,3955044,52084,67,76,53,80,35,61
Player 0473,16,Italy,Barcelona,CDM,68,74,457916,129592,84,81,54,62,30,67
Player 0474,28,Cameroon,Tottenham,RM,70,72,19389980,22241,67,63,63,61,30,61
Player 0475,23,Spain,Manchester City,CF,83,90,50000,80165,70,64,57,79,30,70
Player 0476,26,Scotland,Tottenham,RB,75,81,10076458,39458,65,42,62,69,71,68
Player 0477,21,Japan,Hajduk Split,RW,67,76,529886,26699,60,72,71,66,30,66
Player 0478,27,Croatia,Barcelona,CAM,88,92,50000,11928,81,78,75,64,36,55
Player 0479,24,Norway,AC Milan,LM,73,79,50000,29244,80,69,70,71,30,76
Player 0480,29,England,Liverpool,GK,86,91,365196,26670,58,30,38,37,30,64
Player 0481,29,Spain,Liverpool,RW,71,72,9756876,33467,71,79,71,65,30,57
Player 0482,27,Portugal,Bayern Munich,CDM,76,83,7883204,46574,79,63,55,64,30,50
Player 0483,30,Switzerland,Tottenham,GK,50,51,2732725,15112,50,30,64,38,30,64
Player 0484,28,Argentina,Bayern Munich,CM,66,70,522591,70021,71,80,65,79,30,75
Player 0485,31,Spain,Bayern Munich,RB,72,79,2630322,46123,73,55,58,57,92,61
Player 0486,30,Denmark,Arsenal,RW,75,80,3310448,244125,68,80,67,78,30,64
Player 0487,25,Argentina,Paris SG,LW,89,97,1820849,9744,62,72,49,58,30,66
Player 0488,30,Norway,Manchester Utd,LM,75,80,1520218,19067,57,80,66,63,30,56
Player 0489,26,Turkey,Real Madrid,RM,75,81,2433207,2063,72,71,65,74,30,60
Player 0490,31,Spain,Manchester City,LM,68,71,50000,4189,66,69,57,65,30,66
Player 0491,19,Norway,Barcelona,CF,71,74,1257910,26579,63,65,64,65,35,71
Player 0492,28,Scotland,Barcelona,ST,67,74,5353243,34712,73,84,63,69,30,59
Player 0493,26,Senegal,Manchester Utd,ST,77,83,2655445,5629,75,77,61,62,30,65
Player 0494,29,France,Liverpool,RB,81,87,12969271,2711,72,45,52,58,66,63
Player 0495,30,Denmark,Hajduk Split,CDM,91,97,8277338,3710,74,71,69,66,30,44
Player 0496,20,Ghana,Tottenham,LM,67,69,2190638,23127,71,68,65,76,30,66
Player 0497,24,Norway,Manchester Utd,CM,74,82,1462493,93618,78,81,58,69,30,73
Player 0498,23,Denmark,Real Madrid,LM,82,88,16812361,96287,67,70,44,74,30,58
Player 0499,33,Brazil,Real Madrid,CM,66,74,2597622,11331,61,70,54,60,34,54
